competitionId,priorCompetitionId,nextCompetitionId,competitionName,startYear,endYear,season,numberCompetitors,isCurrent,gender,includeInCareerStatistics,numberOfPeriods,periodLength,extraTime,extraTimeLength,transferKey,dataAvailable,featuredTournamentIds,startDateD1,endDateD1,startDateD2,endDateD2,startDateD3,endDateD3
27249,27387,27168,2011-12 Men's Basketball,2011,2012,2012,0,0,MALE,1,2,20,1,5,15,['box'],,2011-11-07,2012-04-02,2011-11-04,2012-03-24,2011-11-15,2012-03-17
27831,27550,27832,2011-12 Women's Basketball,2011,2012,2012,0,0,FEMALE,1,4,10,1,5,22,['box'],,2011-11-11,2012-03-28,2011-11-04,2012-03-23,2011-11-15,2012-03-17
27832,27831,27833,2012-13 Women's Basketball,2012,2013,2013,0,0,FEMALE,1,4,10,1,5,23,['box'],,2012-11-09,2013-03-31,2012-11-09,2013-03-29,2012-01-10,2013-03-16
27168,27249,27043,2012-13 Men's Basketball,2012,2013,2013,0,0,MALE,1,2,20,1,5,14,['box'],,2012-11-09,2013-04-08,2012-11-09,2013-04-07,2012-11-15,2013-04-07
27043,27168,24758,2013-14 Men's Basketball,2013,2014,2014,0,0,MALE,1,2,20,1,5,13,['box'],,2013-11-08,2014-04-07,2013-11-07,2014-03-29,2013-11-15,2014-03-22
27833,27832,24740,2013-14 Women's Basketball,2013,2014,2014,0,0,FEMALE,1,4,10,1,5,24,['box'],,2013-11-08,2014-03-25,2013-11-08,2014-03-17,2013-11-15,2014-03-22
24740,27833,24691,2014-15 Women's Basketball,2014,2015,2015,0,0,FEMALE,1,4,10,1,5,9,['box'],"{'d1': 258, 'd2': None, 'd3': None}",2014-11-14,2015-04-07,2014-01-03,2015-03-27,2014-11-02,2015-03-21
24758,27043,24732,2014-15 Men's Basketball,2014,2015,2015,0,0,MALE,1,2,20,1,5,10,['box'],,2014-11-14,2015-04-06,2014-11-13,2015-03-28,2014-11-14,2015-03-21
24732,24758,24594,2015-16 Men's Basketball,2015,2016,2016,0,0,MALE,1,2,20,1,5,8,['box'],,2015-11-13,2016-04-04,2015-10-30,2016-03-26,2015-11-13,2016-03-19
24691,24740,24624,2015-16 Women's Basketball,2015,2016,2016,0,0,FEMALE,1,4,10,1,5,7,['box'],,2015-11-13,2016-04-05,2015-10-30,2016-04-03,2015-11-13,2016-04-04
24594,24732,23625,2016-17 Men's Basketball,2016,2017,2017,0,0,MALE,1,2,20,1,5,5,['box'],,2016-11-11,2017-04-03,2016-11-04,2017-03-25,2016-11-15,2017-03-18
24624,24691,24445,2016-17 Women's Basketball,2016,2017,2017,0,0,FEMALE,1,4,10,1,5,6,['box'],"{'d1': 794, 'd2': None, 'd3': None}",2016-11-11,2017-04-02,2016-11-04,2017-03-24,2016-11-12,2017-03-18
24445,24624,22853,2017-18 Women's Basketball,2017,2018,2018,0,0,FEMALE,1,4,10,1,5,4,['box'],"{'d1': 793, 'd2': None, 'd3': None}",2017-11-10,2018-04-01,2017-11-03,2018-03-23,2017-11-11,2018-03-17
23625,24594,22850,2017-18 Men's Basketball,2017,2018,2018,0,0,MALE,1,2,20,1,5,3,['box'],,2017-11-10,2018-04-02,2017-11-03,2018-03-24,2017-11-15,2018-03-17
22850,23625,24996,2018-19 Men's Basketball,2018,2019,2019,0,0,MALE,1,2,20,1,5,1,['box' 'pbp'],"{'d1': 35, 'd2': 60, 'd3': 79}",2018-11-06,2019-04-08,2018-11-02,2019-03-30,2018-11-08,2019-03-16
22853,24445,24997,2018-19 Women's Basketball,2018,2019,2019,0,0,FEMALE,1,4,10,1,5,2,['box' 'pbp'],"{'d1': 250, 'd2': 154, 'd3': 233}",2018-11-06,2019-04-07,2018-11-09,2019-03-29,2018-11-08,2019-03-16
24996,22850,27693,2019-20 Men's Basketball,2019,2020,2020,2,0,MALE,1,2,20,1,5,11,['box' 'pbp'],"{'d1': 632, 'd2': 612, 'd3': 564}",2019-11-05,2020-03-11,2019-11-01,2020-03-08,2019-11-08,2020-03-08
24997,22853,27694,2019-20 Women's Basketball,2019,2020,2020,2,0,FEMALE,1,4,10,1,5,12,['box' 'pbp'],"{'d1': 261, 'd2': 615, 'd3': 571}",2019-11-05,2020-03-12,2019-11-01,2020-03-11,2019-11-08,2020-03-08
27693,24996,30629,2020-21 Men's Basketball,2020,2021,2021,0,0,MALE,1,2,20,1,5,20,['box' 'pbp'],"{'d1': 786, 'd2': 758, 'd3': 784}",2020-11-25,2021-04-05,2020-11-17,2021-03-27,2020-11-06,2021-04-24
27694,24997,30630,2020-21 Women's Basketball,2020,2021,2021,0,0,FEMALE,1,4,10,1,5,21,['box' 'pbp'],"{'d1': 789, 'd2': 767, 'd3': 783}",2020-11-25,2021-04-04,2020-11-19,2021-03-26,2020-11-06,2021-04-24
30630,27694,33535,2021-22 Women's Basketball,2021,2022,2022,0,0,FEMALE,1,4,10,1,5,26,['box' 'pbp'],"{'d1': 1224, 'd2': 1221, 'd3': 1175}",2021-11-09,2022-04-03,2021-10-29,2022-03-25,2021-11-05,2022-03-19
30629,27693,33533,2021-22 Men's Basketball,2021,2022,2022,0,0,MALE,1,2,20,1,5,25,['box' 'pbp'],"{'d1': 1223, 'd2': 1222, 'd3': 1172}",2021-11-09,2022-04-04,2021-10-29,2022-03-26,2021-11-05,2022-03-19
33533,30629,36046,2022-23 Men's Basketball,2022,2023,2023,0,0,MALE,1,2,20,1,5,27,['box' 'pbp'],"{'d1': 1766, 'd2': 1734, 'd3': 1722}",2022-11-07,2023-04-03,2022-11-05,2023-03-25,2022-11-08,2023-03-18
33535,30630,36045,2022-23 Women's Basketball,2022,2023,2023,0,0,FEMALE,1,4,10,1,5,28,['box' 'pbp'],"{'d1': 1765, 'd2': 1764, 'd3': 1723}",2022-11-07,2023-04-02,2022-11-05,2023-04-01,2022-11-08,2023-04-01
36046,33533,38409,2023-24 Men's Basketball,2023,2024,2024,0,0,MALE,1,2,20,1,5,30,['box' 'pbp'],"{'d1': 2225, 'd2': 2203, 'd3': 2137}",2023-11-06,2024-04-08,2023-11-03,2024-03-30,2023-11-08,2024-03-16
36045,33535,38529,2023-24 Women's Basketball,2023,2024,2024,0,0,FEMALE,1,4,10,1,5,29,['box' 'pbp'],"{'d1': 2227, 'd2': 2221, 'd3': 2125}",2023-11-06,2024-04-07,2023-11-03,2024-03-29,2023-11-08,2024-03-16
38529,36045,41098,2024-25 Women's Basketball,2024,2025,2025,0,0,FEMALE,1,4,10,1,5,32,['box' 'pbp'],"{'d1': 2720, 'd2': 2714, 'd3': 2685}",2024-11-04,2025-04-06,2024-11-01,2025-03-28,2024-11-08,2025-03-22
38409,36046,41097,2024-25 Men's Basketball,2024,2025,2025,0,0,MALE,1,2,20,1,5,31,['box' 'pbp'],"{'d1': 2721, 'd2': 2713, 'd3': 2684}",2024-11-04,2025-04-07,2024-11-01,2025-03-29,2024-11-08,2025-03-22
41098,38529,,2025-26 Women's Basketball,2025,2026,2026,0,1,FEMALE,1,4,10,1,5,34,['box' 'pbp'],"{'d1': 3228, 'd2': 3223, 'd3': 3121}",2025-11-03,2026-04-05,2025-10-31,2026-03-28,2025-11-07,2026-03-21
41097,38409,,2025-26 Men's Basketball,2025,2026,2026,0,1,MALE,1,2,20,1,5,33,['box' 'pbp'],"{'d1': 3227, 'd2': 3219, 'd3': 3190}",2025-11-03,2026-04-06,2025-10-31,2026-04-05,2025-11-07,2026-04-05
